{
  "mean": [
    -0.006078305654227734,
    -0.006078305654227734,
    -0.006078305654227734,
    -0.006078305654227734,
    -0.006078305654227734,
    -0.006078305654227734,
    -0.006078305654227734,
    -0.006078305654227734,
    -0.006078305654227734,
    -0.006078305654227734,
    -0.006078305654227734,
    -0.006078305654227734,
    -0.006078305654227734,
    -0.006078305654227734,
    -0.006078305654227734,
    -0.006078305654227734,
    -0.006078305654227734,
    -0.006078305654227734,
    -0.006078305654227734,
    -0.006078305654227734,
    -0.006078305654227734,
    -0.006078305654227734,
    -0.006078305654227734,
    -0.006078305654227734,
    -0.006078305654227734,
    -0.006078305654227734,
    -0.006078305654227734,
    -0.006078305654227734,
    -0.006078305654227734,
    -0.006078305654227734
  ],
  "variance": [
    3075.904296875,
    3075.904296875,
    3075.904296875,
    3075.904296875,
    3075.904296875,
    3075.904296875,
    3075.904296875,
    3075.904296875,
    3075.904296875,
    3075.904296875,
    3075.904296875,
    3075.904296875,
    3075.904296875,
    3075.904296875,
    3075.904296875,
    3075.904296875,
    3075.904296875,
    3075.904296875,
    3075.904296875,
    3075.904296875,
    3075.904296875,
    3075.904296875,
    3075.904296875,
    3075.904296875,
    3075.904296875,
    3075.904296875,
    3075.904296875,
    3075.904296875,
    3075.904296875,
    3075.904296875
  ],
  "max_m": 5,
  "unique_ks": [
    4,
    5,
    6
  ],
  "p_rows": 6,
  "p_cols": 5,
  "counts": {
    "train": 354695,
    "val": 44333,
    "test": 44337
  }
}